"","outcome","ADEPT","Oak","SDT","Stepcount","Verisense"
"1","Hypertension",-2.30052697751583,-3.33756685423945,-2.92805624804137,-4.06459841362273,-3.43118558791307
"2","Diabetes",-4.09944313824224,-5.25693816411496,-4.60159804391776,-5.55730759806639,-5.19765927450832
"3","HF",-4.98396143107913,-5.23005542932311,-4.91563834881288,-6.17114227395582,-5.02966589209869
"4","MI",-2.03680890650324,-4.20485480392758,-4.87137036575378,-3.85066514227272,-3.96269979030267
"5","FALL",-2.93385516313466,-3.73615929540867,-3.57592102319508,-3.75674755849781,-3.30100424927449
