"","outcome","ADEPT","Oak","SDT","Stepcount","Verisense"
"1","Hypertension",-4.17394434656144,-3.96015259277832,-3.01190032883939,-4.53411114350893,-4.14391819460829
"2","Diabetes",-5.37079505497625,-5.38477196398686,-4.52246672963436,-6.05164131210822,-5.57313289226645
"3","HF",-4.30575190487076,-4.59775358653878,-4.35855157032997,-5.6094713240959,-4.33825480071766
"4","MI",-3.6393946486217,-4.75114800303316,-5.15179013667701,-4.75978438457909,-4.56582873107221
"5","FALL",-2.23388259511836,-2.76941074518799,-2.71297316670848,-2.64794746642662,-2.40835328970004
