"","outcome","ADEPT","Oak","SDT","Stepcount","Verisense"
"1","Hypertension",0.0214183827065723,0.000845153871694201,0.00341088333358937,4.81152340301754e-05,0.000600949312738922
"2","Diabetes",4.14145401993361e-05,1.46473534658136e-07,4.19261720029297e-06,2.73967711269502e-08,2.01813602611018e-07
"3","HF",6.22955021660304e-07,1.69459222608563e-07,8.84936296041056e-07,6.77983789257872e-10,4.9133523988474e-07
"4","MI",0.0416691954318623,2.61249815085021e-05,1.10826868138085e-06,0.000117797468257584,7.41069451826261e-05
"5","FALL",0.00334780390302959,0.000186852325281727,0.000348997008749736,0.000172135981985387,0.000963394234695251
