"","outcome","ADEPT","Oak","SDT","Stepcount","Verisense"
"1","Hypertension",-3.90198006137423,-3.65385149591408,-2.65830525851083,-4.26844030510571,-3.89390278076236
"2","Diabetes",-4.90437199586447,-4.93517632344873,-4.11809442437813,-5.53387049448676,-5.16598927285375
"3","HF",-4.05199147285814,-4.29110356552302,-4.09948971421256,-5.31824272691501,-4.02628483379742
"4","MI",-3.25098940489626,-4.33627630082631,-4.75148442625308,-4.28164979931689,-4.16526136605245
"5","FALL",-2.32272494194731,-2.80871456580064,-2.68113156325437,-2.75635498937909,-2.44573184001636
