"","outcome","ADEPT","Oak","SDT","Stepcount","Verisense"
"1","Hypertension",9.54090182341753e-05,0.000258335720579209,0.00785347234871067,1.96844488854e-05,9.86441967470461e-05
"2","Diabetes",9.37267178724368e-07,8.00783815066221e-07,3.82018174989146e-05,3.13240293530066e-08,2.39170508275957e-07
"3","HF",5.0783516410296e-05,1.77787368734763e-05,4.14062070939046e-05,1.04774236214671e-07,5.66650429057359e-05
"4","MI",0.00115004143376565,1.44916763711367e-05,2.01928714423938e-06,1.8551277478329e-05,3.10996071867257e-05
"5","FALL",0.0201939334864902,0.004973972480382,0.00733736626345375,0.00584495233594056,0.0144558474340519
