"","outcome","ADEPT","Oak","SDT","Stepcount","Verisense"
"1","Hypertension",0.00800446373349189,0.000189328021686229,0.000877959858955242,8.32810387540083e-06,0.000159679715300561
"2","Diabetes",5.44696125040976e-06,1.20096483036322e-08,5.67944321855572e-07,1.26645008561006e-09,2.5084446207961e-08
"3","HF",2.35571434963323e-07,4.59196422543378e-08,3.81732777508846e-07,1.13279928632732e-10,1.4267649152735e-07
"4","MI",0.0159556768958805,5.23822915724547e-06,2.48164911528442e-07,2.00329598606032e-05,1.74508643348071e-05
"5","FALL",0.00303923398899017,0.000135351332020363,0.000219934280773565,0.000173260414310774,0.000714825071656864
