"","outcome","ADEPT","Oak","SDT","Stepcount","Verisense"
"1","Hypertension",-0.761774998794533,-1.3622101816429,-1.17467357773791,-1.55579388760232,-1.20220409902418
"2","Diabetes",-2.18445136528853,-3.74057729039279,-3.67282323623958,-3.64095769860043,-3.83405767449482
"3","HF",-2.90556744191623,-3.13137621901051,-2.62038735544593,-3.02896663508163,-3.19217840188015
"4","MI",0.0119224533543553,-1.85226103928767,-1.99136873803144,-1.30030979785048,-1.66323403206332
"5","FALL",-2.51088230436521,-3.33795701936332,-3.51315105780002,-3.49251226192521,-2.67613381386004
