"","outcome","ADEPT","Oak","SDT","Stepcount","Verisense"
"1","Hypertension",0.446194304431665,0.17313156351696,0.240125334150921,0.119757112086278,0.229284461588409
"2","Diabetes",0.0289290973307437,0.000183598075712799,0.000239885425375977,0.000271625767074366,0.000126046567040976
"3","HF",0.00366587838464884,0.00173989113900292,0.00878299409236306,0.0024539178244525,0.00141204089375379
"4","MI",0.990487483901467,0.063988347466175,0.0464403635268672,0.193494811308301,0.0962655978291771
"5","FALL",0.0120429841372669,0.000843968031696406,0.000442825641177776,0.000478499626310296,0.00744769026475271
