"","outcome","ADEPT","Oak","SDT","Stepcount","Verisense"
"1","Hypertension",0.405030891130231,0.124982375072779,0.174435245616656,0.0918163864190192,0.179086852550528
"2","Diabetes",0.0162761986074691,5.9069315305544e-05,8.72556830631995e-05,9.54031440724366e-05,6.04616734477374e-05
"3","HF",0.00318137407126896,0.00172418809192965,0.0124711914443192,0.00163613895994298,0.00107926010556612
"4","MI",0.825730851383929,0.0303600239676462,0.0236833465342698,0.100458225005998,0.0466277743387169
"5","FALL",0.0116148042529035,0.000783216606380252,0.000345697835831658,0.000466629711582882,0.00665707984010769
