"","outcome","ADEPT","Oak","SDT","Stepcount","Verisense"
"1","Hypertension",-2.05888226053164,-0.583663174579175,-0.0700330488303937,-0.931908762586757,-0.9611602869748
"2","Diabetes",-2.3537915819156,-2.2892128993531,-1.64501812891128,-2.35904352194405,-2.37509571370851
"3","HF",-2.11347046541571,-2.02360308595593,-2.41166651987341,-2.37060485698138,-2.0235129711484
"4","MI",-0.63886405246048,-1.92145782162348,-2.89626353028473,-2.06712587742916,-1.73493169655739
"5","FALL",-0.704919544333943,-1.24209352009711,-1.46863931283923,-1.54017122684324,-1.15131657997407
