"","outcome","ADEPT","Oak","SDT","Stepcount","Verisense"
"1","Hypertension",-2.97423911591243,-3.25997960539435,-2.85573626648664,-4.1134721411383,-3.44473550180967
"2","Diabetes",-4.61817492232277,-5.30975692362555,-4.62800699101178,-5.67515007781777,-5.22681315569972
"3","HF",-5.11415892216773,-5.21199831175632,-4.97805889135262,-6.15076257156335,-4.98781267694989
"4","MI",-2.71164248171356,-4.21291480621379,-4.80163427459034,-3.89805601622016,-3.97989056591478
"5","FALL",-2.84865472336842,-3.67430759433397,-3.63230131701661,-3.67187152411243,-3.20958610525289
