"","outcome","ADEPT","Oak","SDT","Stepcount","Verisense"
"1","Hypertension",0.000705162619135291,0.000242608083141397,0.00112230090049198,6.37318993931397e-06,0.000136327905202959
"2","Diabetes",4.59242893877949e-07,9.00157048350339e-09,4.81308444795239e-07,6.27357854198746e-10,2.11116808281177e-08
"3","HF",1.28280827781774e-07,5.0348684308694e-08,2.73578510168525e-07,1.32294961693913e-10,1.80313757983467e-07
"4","MI",0.00232867017268821,5.0299910812001e-06,3.57723847320142e-07,1.66874569035537e-05,1.64627977327155e-05
"5","FALL",0.00395122164442945,0.000169182316356274,0.000176435554226329,0.000236318457686378,0.000957848081778945
