"","outcome","ADEPT","Oak","SDT","Stepcount","Verisense"
"1","Hypertension",0.00293716095350773,0.0011142022534101,0.00429371631460255,3.89752096037061e-05,0.000571618443097745
"2","Diabetes",3.87129857804834e-06,1.09771539499735e-07,3.69201556682939e-06,1.38567118561985e-08,1.7245661583022e-07
"3","HF",3.15141957630849e-07,1.86817249875427e-07,6.42251167473892e-07,7.71112823980529e-10,6.10667358163659e-07
"4","MI",0.00669507605608662,2.52096167422895e-05,1.5737592604865e-06,9.69679888482733e-05,6.89469995471526e-05
"5","FALL",0.004390449943073,0.00023849528315051,0.000280904841570975,0.000240780725824692,0.00132926226766006
