"","outcome","ADEPT","Oak","SDT","Stepcount","Verisense"
"1","Hypertension",-3.38756400452784,-3.66993928746625,-3.25792493313893,-4.51361488892804,-3.81473725456842
"2","Diabetes",-5.0426023821389,-5.74854309396228,-5.03361794907307,-6.18339923352555,-5.60263555901421
"3","HF",-5.28128518716933,-5.45007464193525,-5.14079493689993,-6.42451000364936,-5.21856596681066
"4","MI",-3.04475875601696,-4.56353295142537,-5.09017996367539,-4.30514742364128,-4.3081469779986
"5","FALL",-2.88202995833186,-3.76107850621314,-3.75056642798358,-3.67664834100741,-3.30262376534082
