"","outcome","ADEPT","Oak","SDT","Stepcount","Verisense"
"1","Hypertension",0.00931910473034175,0.0016893053363832,0.00275195205909056,0.00471692362034922,0.000381142710010998
"2","Diabetes",0.0326510188445519,0.0116742266325472,0.0694067133335979,0.0315107524606542,0.0128574412332006
"3","HF",0.000635250449260846,0.0010136568459225,0.00258235762956259,5.93844998754736e-05,0.00155029202848793
"4","MI",0.0139083915995225,0.00870288013395951,0.00117355032322582,0.0182300158797285,0.0103724345066033
"5","FALL",0.00485076187644905,0.0117445695618603,0.0495548517353329,0.0247031688025335,0.0126805043269675
