"","outcome","ADEPT","Oak","SDT","Stepcount","Verisense"
"1","Hypertension",0.00742032924920838,0.00159564590651283,0.00261201908027664,0.00371058349662703,0.000425472225077747
"2","Diabetes",0.0207756394424418,0.00825095075374354,0.0540156548328714,0.0194272114674513,0.00940629765103503
"3","HF",0.000375240978287485,0.000466039540206397,0.00118841176768794,2.00430926999733e-05,0.000814011128636637
"4","MI",0.0105751450209164,0.00685873732851399,0.000731353473630316,0.0122692487139133,0.00844393569313136
"5","FALL",0.00446927640287888,0.00806081402392643,0.0417191161329823,0.0219410765359385,0.00884718661634424
