"","outcome","ADEPT","Oak","SDT","Stepcount","Verisense"
"1","Hypertension",-2.60012043866349,-3.14003000114832,-2.99416707395526,-2.82575561518218,-3.55280788358004
"2","Diabetes",-2.13634849494163,-2.52184159304257,-1.81576314303077,-2.15056244204231,-2.48769370949278
"3","HF",-3.41609944057834,-3.28670855085812,-3.01352030138978,-4.01524330942029,-3.16510085711022
"4","MI",-2.45962071294338,-2.62351034794954,-3.24523185032008,-2.36091281508679,-2.56315963642875
"5","FALL",-2.81678080397523,-2.51972756575432,-1.96378653942315,-2.24601310040291,-2.49261840585758
