"","outcome","ADEPT","Oak","SDT","Stepcount","Verisense"
"1","Hypertension",0.415951797493703,0.220526470338322,0.324168725419541,0.0143061411554847,0.307222247070629
"2","Diabetes",0.00270585904141328,0.00220426810680933,0.00571517528707414,0.000101630864964037,0.00350420171946453
"3","HF",0.0332481897527781,0.0170709124294552,0.0067535810755939,0.00175996239921465,0.0360340323255166
"4","MI",0.291109062585667,0.0153658514760051,0.00343769972802391,0.00428654352201333,0.0231335192417987
"5","FALL",0.817080915568311,0.911103039717195,0.596585818022071,0.848003634975372,0.885693003118815
