"","outcome","ADEPT","Oak","SDT","Stepcount","Verisense"
"1","Hypertension",0.198239625606277,0.0802144143109991,0.133213063689452,0.00307304327084593,0.112943278106044
"2","Diabetes",0.000721708165887594,0.000629806294734912,0.00355484012798756,1.71045173359353e-05,0.00103916087202817
"3","HF",0.0101115375401721,0.00333226476603945,0.00196678731546278,0.000321638125989562,0.00846848689185558
"4","MI",0.113113332564121,0.00328954586347009,0.00112967613122741,0.000733603928066909,0.00616367937892496
"5","FALL",0.888395266381265,0.696181629886807,0.395519305099151,0.700364633802558,0.70343630112492
