"","outcome","ADEPT","Oak","SDT","Stepcount","Verisense"
"1","Hypertension",-3.9636092188541,-3.67528271444443,-2.91960870137809,-4.44190505008203,-3.80319569441545
"2","Diabetes",-5.10459229763377,-5.01750249062632,-3.99498048416507,-5.59714649458801,-5.1530751571578
"3","Stroke",-0.889835302226892,-2.061684271523,-1.1152967009719,-2.09346311029242,-1.75716345941404
"4","HF",-4.77477904795468,-4.92089688349202,-4.37648580419799,-6.06096505741305,-4.76603912908847
"5","MI",-3.17476259973557,-4.39746080720882,-4.87194529719974,-4.30904319853931,-4.32598408138724
"6","FALL",-2.19027161390409,-2.79716520919319,-2.79884750705205,-2.87871571144446,-2.41219426946998
