"","outcome","ADEPT","Oak","SDT","Stepcount","Verisense"
"1","Hypertension",-2.3284245698587,-3.34806229504506,-2.92049000746553,-4.0720503744885,-3.44741113632839
"2","Diabetes",-4.10350416252655,-5.25622662526868,-4.58084721666827,-5.54218652010062,-5.2058514565381
"3","HF",-4.9873495949322,-5.2335239251266,-4.93404931774872,-6.18718803322758,-5.03151676200585
"4","MI",-2.03046666471368,-4.18997459671199,-4.8390019197126,-3.81989401856892,-3.9526051966743
"5","FALL",-2.93596113169805,-3.74024118427172,-3.5694158468949,-3.75312697750034,-3.30812247839326
