"","outcome","ADEPT","Oak","SDT","Stepcount","Verisense"
"1","Hypertension",7.38250644475115e-05,0.000237586173820478,0.00350471142235643,8.91659074758231e-06,0.000142841428643441
"2","Diabetes",3.31508445282349e-07,5.23475231687358e-07,6.46995822363418e-05,2.17908570785793e-08,2.56249204445522e-07
"3","Stroke",0.373554327816139,0.0392378049749793,0.264723298674298,0.036307833807678,0.0788899516160983
"4","HF",1.79904666674145e-06,8.61485131339437e-07,1.20608042513619e-05,1.35307228001129e-09,1.87882786942597e-06
"5","MI",0.00149959133610707,1.09524654002657e-05,1.10504768729184e-06,1.6396234309967e-05,1.51852389245497e-05
"6","FALL",0.0285045442235128,0.00515531647617212,0.00512853513089083,0.00399298101397411,0.0158568299883515
