"","outcome","ADEPT","Oak","SDT","Stepcount","Verisense"
"1","Hypertension",0.000238753693594657,0.000904065814985668,0.0123775282609813,3.92640467372288e-05,0.000451594294910633
"2","Diabetes",3.229224789905e-06,4.87712819976621e-06,0.000351075060697898,3.82253104438311e-07,1.9246548019268e-06
"3","Stroke",0.444287333409022,0.0534656415531789,0.279899394225653,0.0494226370092821,0.107906545541832
"4","HF",4.64322296212462e-06,2.9491713117638e-06,2.40772744380519e-05,5.02660662671695e-09,6.56383865882237e-06
"5","MI",0.00581616456866024,6.59588491430502e-05,6.99279859301749e-06,0.000114010586866163,8.61619397784567e-05
"6","FALL",0.0254646861239353,0.0051247216520765,0.00621596079953662,0.00324249800965232,0.0161197183878953
