"","outcome","ADEPT","Oak","SDT","Stepcount","Verisense"
"1","Hypertension",-3.6740310571368,-3.31879559181889,-2.50119420683298,-4.11176816553721,-3.50793799282517
"2","Diabetes",-4.65567404579164,-4.57000489631248,-3.5743678583773,-5.07758967593036,-4.76117874983034
"3","Stroke",-0.764973485452379,-1.93114080868982,-1.08054537088533,-1.96492743371041,-1.60767422932537
"4","HF",-4.58029420793501,-4.67432837999131,-4.22327966769177,-5.84628892978607,-4.50736267035254
"5","MI",-2.75796938000294,-3.99041117149255,-4.49390758215237,-3.85865963635817,-3.92658084665515
"6","FALL",-2.23427953347608,-2.79908770010957,-2.73616627834153,-2.94376146781623,-2.40619362896665
