"","outcome","ADEPT","Oak","SDT","Stepcount","Verisense"
"1","Hypertension",-1.93948181205562,-3.21358936256344,-3.09328079385295,-3.51172884210777,-2.85601852789677
"2","Diabetes",-2.90003900926157,-2.84224929487278,-1.96144214860378,-3.16778575670922,-3.42361969131603
"3","HF",-3.13377135028602,-3.16387824901435,-3.01720934171855,-4.50891629979784,-2.87030871872364
"4","MI",-2.03105968239525,-3.25407718129531,-3.38847125743311,-2.3260601334926,-3.02045965455653
"5","FALL",-0.967893033994722,-1.38395236551705,-0.636672517545052,-1.38368095783385,-1.15425934055723
