"","outcome","ADEPT","Oak","SDT","Stepcount","Verisense"
"1","Hypertension",0.198239625606278,0.0802144143109963,0.133213063689453,0.00307304327084608,0.112943278106044
"2","Diabetes",0.000721708165887579,0.000629806294734968,0.00355484012798753,1.71045173359349e-05,0.0010391608720282
"3","HF",0.010111537540172,0.00333226476603953,0.00196678731546267,0.000321638125989559,0.00846848689185557
"4","MI",0.113113332564121,0.00328954586347009,0.00112967613122743,0.000733603928066902,0.00616367937892496
"5","FALL",0.888395266381267,0.696181629886807,0.395519305099152,0.700364633802558,0.703436301124919
