"","outcome","ADEPT","Oak","SDT","Stepcount","Verisense"
"1","Hypertension",0.0269577809377506,0.00045760178525261,0.00080742729058265,0.000143138381008173,0.00194974597885549
"2","Diabetes",0.000773409208500906,0.00089994881853319,0.0155237308804292,0.000234147623896503,0.00013412605318109
"3","HF",0.00205900922767336,0.00267284393984056,0.00770629418108958,1.42718049420681e-05,0.0054405844050755
"4","MI",0.014955913379547,0.000697125130087986,0.000545341943679635,0.00662351036606062,0.00128292097068915
"5","FALL",0.285198511065619,0.113041942516717,0.365265248078881,0.13005272888235,0.169632638369005
