"","outcome","ADEPT","Oak","SDT","Stepcount","Verisense"
"1","Hypertension",-0.813464490218012,-1.22512939784673,-0.985927429971419,-2.44948312925674,-1.02106794872656
"2","Diabetes",-2.99931667718206,-3.06123392075822,-2.76369031443266,-3.88666497559908,-2.91965403222388
"3","HF",-2.12907338030272,-2.38517685613327,-2.70875686810894,-3.12800658210369,-2.09654319520359
"4","MI",-1.05569176085006,-2.4236394758777,-2.92562053602508,-2.85626710568387,-2.27122238065611
"5","FALL",0.231301069889981,-0.111647333738716,-0.529316634592563,-0.191666262026876,-0.143756184478308
