"","outcome","ADEPT","Oak","SDT","Stepcount","Verisense"
"1","Hypertension",0.0524426970988549,0.0013108699949122,0.00197956736076084,0.000445201986391711,0.00428990099496724
"2","Diabetes",0.00373116221924736,0.00447964479495084,0.0498274673061817,0.00153604670945919,0.000617930328353426
"3","HF",0.00172575273452752,0.00155681907001814,0.00255113564867872,6.51596075444009e-06,0.00410071217816331
"4","MI",0.0422489406902858,0.00113761367550342,0.00070283394626629,0.0200153429383974,0.00252391331074788
"5","FALL",0.333097793668849,0.166373040861067,0.52433817843057,0.166456166769723,0.248393860655503
