"","outcome","ADEPT","Oak","SDT","Stepcount","Verisense"
"1","Hypertension",0.415951797493699,0.22052647033832,0.324168725419536,0.0143061411554852,0.307222247070631
"2","Diabetes",0.00270585904141339,0.00220426810680926,0.0057151752870743,0.000101630864964037,0.00350420171946438
"3","HF",0.033248189752778,0.0170709124294536,0.00675358107559376,0.00175996239921486,0.0360340323255164
"4","MI",0.291109062585671,0.0153658514760051,0.00343769972802396,0.00428654352201334,0.0231335192417988
"5","FALL",0.817080915568311,0.911103039717193,0.596585818022072,0.848003634975374,0.885693003118815
