"","outcome","ADEPT","Oak","SDT","Stepcount","Verisense"
"1","Hypertension",-4.19985974972789,-3.59175265291717,-2.8564151193765,-4.42966892590975,-3.75267572531583
"2","Diabetes",-5.09948595922014,-5.01664128991584,-4.03121331275908,-5.63831055072803,-5.08947316728907
"3","HF",-4.85544345970334,-4.88814978423358,-4.40338121036702,-6.06434823482443,-4.73813672772151
"4","MI",-3.32444025417748,-4.37556018367494,-4.82959803820542,-4.29435546867659,-4.3035753947014
"5","FALL",-2.08881045157503,-2.70020889090227,-2.84198043841312,-2.80617907169316,-2.3244323005997
