"","outcome","ADEPT","Oak","SDT","Stepcount","Verisense"
"1","Hypertension",-3.90043620312267,-3.23730613198905,-2.43810752961956,-4.10191254712478,-3.45573962631081
"2","Diabetes",-4.66930104507795,-4.59106764873691,-3.61167102401828,-5.1335813840128,-4.71544597504509
"3","HF",-4.66381836240247,-4.63146172123446,-4.24878803972318,-5.84373621085872,-4.47466503848846
"4","MI",-2.92759662229254,-3.97208870522633,-4.45286462695521,-3.85084163072312,-3.90960701704437
"5","FALL",-2.13498766988908,-2.69958547891693,-2.78029389398567,-2.8689858176282,-2.31519336517362
