"","outcome","ADEPT","Oak","SDT","Stepcount","Verisense"
"1","Hypertension",9.60195270985615e-05,0.00120663894356026,0.0147643814044769,4.09749149569151e-05,0.000548785155020108
"2","Diabetes",3.02226227870819e-06,4.4098436228688e-06,0.000304230347644689,2.84280019165157e-07,2.41181884207797e-06
"3","HF",3.10395378334985e-06,3.63093134276722e-06,2.14930161059572e-05,5.10428342080735e-09,7.65311939672146e-06
"4","MI",0.00341592903898925,7.12451782647809e-05,8.47321796564866e-06,0.000117712602680394,9.24463933432869e-05
"5","FALL",0.0327620173008599,0.00694259183664462,0.00543097225203689,0.00411790262574831,0.0206023522028074
