"","outcome","ADEPT","Oak","SDT","Stepcount","Verisense"
"1","Hypertension",2.67080364648551e-05,0.000328461527335204,0.00428454547309109,9.43778623395662e-06,0.000174957109206929
"2","Diabetes",3.40577131097159e-07,5.25826105484684e-07,5.54896526714396e-05,1.71726607587346e-08,3.59059659977974e-07
"3","HF",1.20117624890146e-06,1.01788075957031e-06,1.06576651394547e-05,1.32489815334474e-09,2.15692268315691e-06
"4","MI",0.00088596214251987,1.21121016632746e-05,1.36808943213408e-06,1.75201571792298e-05,1.68063618664811e-05
"5","FALL",0.0367247892126775,0.00692959515667909,0.00448342424247403,0.00501328234446682,0.0201023360592286
