"","outcome","ADEPT","Oak","SDT","Stepcount","Verisense"
"1","Hypertension",0.0198895702592449,0.000813787168031185,0.00349481404535941,4.66010973591707e-05,0.000565986564483977
"2","Diabetes",4.06939127760215e-05,1.47041079943856e-07,4.63096073036656e-06,2.98717863300476e-08,1.93109078367122e-07
"3","HF",6.12132402533116e-07,1.6630846849551e-07,8.05420885937731e-07,6.12468933320868e-10,4.86614555085853e-07
"4","MI",0.0423091263055887,2.78985686151729e-05,1.30492786386095e-06,0.000133509027352073,7.73049257856565e-05
"5","FALL",0.00332515983539885,0.00018384376318812,0.000357778120381236,0.000174642334832255,0.000939237231337495
