"","outcome","ADEPT","Oak","SDT","Stepcount","Verisense"
"1","Hypertension",9.54090182341793e-05,0.000258335720579213,0.00785347234871063,1.9684448885399e-05,9.86441967470513e-05
"2","Diabetes",9.37267178724402e-07,8.00783815066283e-07,3.82018174989134e-05,3.13240293530065e-08,2.39170508275947e-07
"3","HF",5.07835164102947e-05,1.77787368734756e-05,4.14062070939054e-05,1.04774236214673e-07,5.66650429057353e-05
"4","MI",0.0011500414337657,1.44916763711371e-05,2.01928714423939e-06,1.85512774783288e-05,3.10996071867256e-05
"5","FALL",0.0201939334864901,0.00497397248038203,0.0073373662634537,0.00584495233594056,0.014455847434052
