"","outcome","ADEPT","Oak","SDT","Stepcount","Verisense"
"1","Hypertension",-4.17394434656144,-3.96015259277831,-3.01190032883938,-4.53411114350892,-4.14391819460831
"2","Diabetes",-5.37079505497625,-5.38477196398686,-4.52246672963437,-6.05164131210822,-5.57313289226644
"3","HF",-4.30575190487077,-4.59775358653879,-4.35855157032997,-5.60947132409591,-4.33825480071766
"4","MI",-3.6393946486217,-4.75114800303315,-5.15179013667701,-4.75978438457912,-4.56582873107221
"5","FALL",-2.23388259511836,-2.76941074518798,-2.71297316670847,-2.64794746642662,-2.40835328970003
