"","outcome","ADEPT","Oak","SDT","Stepcount","Verisense"
"1","Hypertension",0.112242222322708,0.956514514514763,0.621698530902976,0.610323291371891,0.684119795099153
"2","Diabetes",0.0487788182224865,0.048447289490854,0.214985652564615,0.0409861910738063,0.0432059054514518
"3","HF",0.0412788391473071,0.062873516995086,0.0218219315885504,0.0196307914754209,0.0654144055957451
"4","MI",0.723712385163191,0.0851087358233241,0.00559739358666106,0.0487565949942482,0.139295163851895
"5","FALL",0.3860856901912,0.187980206658635,0.126080675004769,0.0921893518234417,0.207873082913443
