"","outcome","ADEPT","Oak","SDT","Stepcount","Verisense"
"1","Hypertension",0.00931910473034214,0.0016893053363832,0.00275195205909087,0.00471692362034925,0.000381142710011009
"2","Diabetes",0.0326510188445519,0.0116742266325472,0.069406713333597,0.0315107524606542,0.0128574412332006
"3","HF",0.000635250449260747,0.00101365684592241,0.00258235762956257,5.93844998754738e-05,0.00155029202848782
"4","MI",0.0139083915995215,0.00870288013395973,0.00117355032322584,0.0182300158797295,0.0103724345066019
"5","FALL",0.0048507618764491,0.0117445695618604,0.0495548517353332,0.0247031688025338,0.0126805043269675
