"","outcome","ADEPT","Oak","SDT","Stepcount","Verisense"
"1","Hypertension",-1.58819512862555,-0.0545279830300221,0.493444521386045,-0.509612033979792,-0.406847775227425
"2","Diabetes",-1.97051988570891,-1.97342387696651,-1.23997226562705,-2.04366967383862,-2.02171401210631
"3","HF",-2.04071826155347,-1.86008488724703,-2.29345311665501,-2.33333077406445,-1.84241543613103
"4","MI",-0.353501659114776,-1.72178354867296,-2.77047884661042,-1.97071402870932,-1.47842086574999
"5","FALL",-0.866737798247552,-1.31657773311761,-1.52974170975232,-1.68396024613107,-1.25943547451506
