"","outcome","ADEPT","Oak","SDT","Stepcount","Verisense"
"1","Hypertension",0.00742032924920881,0.00159564590651283,0.0026120190802767,0.00371058349662696,0.000425472225077757
"2","Diabetes",0.0207756394424416,0.00825095075374367,0.0540156548328721,0.0194272114674513,0.00940629765103507
"3","HF",0.000375240978287485,0.000466039540206404,0.00118841176768805,2.00430926999732e-05,0.000814011128636644
"4","MI",0.0105751450209168,0.00685873732851539,0.000731353473630277,0.012269248713913,0.00844393569313119
"5","FALL",0.0044692764028789,0.00806081402392644,0.0417191161329823,0.0219410765359386,0.00884718661634418
