"","outcome","ADEPT","Oak","SDT","Stepcount","Verisense"
"1","Hypertension",0.0395055188528381,0.559446947706423,0.944167355043211,0.351383678741839,0.336471580870335
"2","Diabetes",0.0185830270746878,0.0220669854801192,0.0999660725604967,0.0183221068112083,0.0175444001150917
"3","HF",0.0345605203140367,0.0430110072720473,0.0158797985526448,0.0177590057463199,0.0430202876251647
"4","MI",0.52291137509983,0.0546740149389809,0.00377635128663606,0.0387222942977787,0.0827529041227614
"5","FALL",0.480860306602805,0.214202059095264,0.141930645912732,0.123518621514343,0.249602018600367
