"","outcome","ADEPT","Oak","SDT","Stepcount","Verisense"
"1","Hypertension",-2.8386704586102,-2.07350364893938,-1.54213287729515,-2.96855135962058,-2.25791712825099
"2","Diabetes",-3.16023165123329,-3.14559560589355,-3.01017364978562,-3.70069137247259,-2.71937668351463
"3","HF",-2.88841848949874,-3.45841280564746,-2.5585683768109,-3.47990258873085,-3.3567448840362
"4","MI",-2.47243898026511,-2.26652343279468,-1.85183830064727,-2.70232988840095,-2.48262812936651
"5","FALL",-1.91233501510675,-2.02785513502947,-2.21126632936748,-1.86857889519962,-1.75008706379279
