"","outcome","ADEPT","Oak","SDT","Stepcount","Verisense"
"1","Hypertension",0.00639473480402188,0.046810704391845,0.177280003378594,0.00467485778707332,0.0261495042146407
"2","Diabetes",0.00381774288307925,0.00406609430843531,0.00544428374574689,0.000803973753193216,0.0139667206903562
"3","HF",0.00759364857491406,0.00125552183634324,0.028972434706116,0.00107424757437854,0.00149427361003055
"4","MI",0.0358902689262513,0.0841817686498807,0.193650034697227,0.0289803601194381,0.0454791438188518
"5","FALL",0.0426648037800829,0.0297874994685703,0.0217050625594395,0.043886192244719,0.0562705782239579
