"","outcome","ADEPT","Oak","SDT","Stepcount","Verisense"
"1","Hypertension",-2.726822913956,-1.98800891155089,-1.34917736475454,-2.82862406203796,-2.22398424585672
"2","Diabetes",-2.89284118175677,-2.87298810084348,-2.77949890280656,-3.35142306325765,-2.45811817442457
"3","HF",-2.66962286265238,-3.22595707897542,-2.18386139258121,-3.27032297049902,-3.17579333927719
"4","MI",-2.0981684348744,-1.726921466171,-1.29985685544685,-2.18375358226038,-2.00019562725895
"5","FALL",-2.0269766198432,-2.17290458310328,-2.29548993514461,-2.01517618170543,-1.90893421758759
