"","outcome","ADEPT","Oak","SDT","Stepcount","Verisense"
"1","Hypertension",0.00453019157393239,0.0381254318806145,0.123041307058991,0.00299207095429528,0.0239508265493386
"2","Diabetes",0.00157643746756836,0.00165749011379102,0.00261098367306909,0.000215012854849311,0.00654050777433743
"3","HF",0.0038718436367496,0.00054336812481677,0.0105104148161895,0.00050159612297183,0.00078865846026209
"4","MI",0.0134194620546395,0.023419354102312,0.0640490459544038,0.00688554083547986,0.0130417155924773
"5","FALL",0.0558332373803436,0.0425750352587945,0.0270173995433243,0.0616814242670053,0.0801032916108614
