"","outcome","ADEPT","Oak","SDT","Stepcount","Verisense"
"1","Hypertension",0.446194304431664,0.173131563516957,0.240125334150919,0.119757112086277,0.22928446158841
"2","Diabetes",0.0289290973307436,0.000183598075712803,0.000239885425375975,0.000271625767074367,0.000126046567040979
"3","HF",0.00366587838464889,0.00173989113900287,0.00878299409236336,0.00245391782445249,0.0014120408937538
"4","MI",0.990487483901464,0.063988347466174,0.0464403635268685,0.193494811308304,0.0962655978291767
"5","FALL",0.0120429841372669,0.000843968031696416,0.000442825641177778,0.000478499626310295,0.00744769026475278
