"","outcome","ADEPT","Oak","SDT","Stepcount","Verisense"
"1","Hypertension",-0.761774998794535,-1.36221018164291,-1.17467357773791,-1.55579388760232,-1.20220409902418
"2","Diabetes",-2.18445136528853,-3.74057729039279,-3.67282323623958,-3.64095769860043,-3.83405767449481
"3","HF",-2.90556744191622,-3.13137621901052,-2.62038735544592,-3.02896663508164,-3.19217840188015
"4","MI",0.0119224533543586,-1.85226103928768,-1.99136873803143,-1.30030979785047,-1.66323403206332
"5","FALL",-2.51088230436521,-3.33795701936332,-3.51315105780002,-3.49251226192521,-2.67613381386004
