"","outcome","ADEPT","Oak","SDT","Stepcount","Verisense"
"1","Hypertension",0.405030891130232,0.124982375072781,0.174435245616656,0.0918163864190198,0.179086852550532
"2","Diabetes",0.0162761986074692,5.90693153055435e-05,8.72556830632012e-05,9.54031440724374e-05,6.04616734477365e-05
"3","HF",0.00318137407126897,0.0017241880919296,0.0124711914443198,0.00163613895994296,0.00107926010556608
"4","MI",0.825730851383932,0.0303600239676447,0.0236833465342709,0.100458225006002,0.0466277743387163
"5","FALL",0.0116148042529036,0.000783216606380258,0.000345697835831655,0.000466629711582883,0.00665707984010771
