"","outcome","ADEPT","Oak","SDT","Stepcount","Verisense"
"1","Hypertension",-2.57892209939651,-3.90012837543499,-3.26375399278285,-4.31074709496637,-3.93882272959427
"2","Diabetes",-4.62710857303092,-5.90623516163988,-5.35482106926509,-6.33768935767963,-5.79744243077111
"3","HF",-4.55465472974032,-4.95509629858284,-4.82457288389542,-5.80074621121746,-4.67693124943203
"4","MI",-2.67356255568342,-4.79951327744531,-5.31165414717132,-4.58446893377483,-4.43087303465802
"5","FALL",-3.05810699186767,-3.83067087748371,-3.67881042261698,-3.58799898509522,-3.41587384649185
