"","outcome","ADEPT","Oak","SDT","Stepcount","Verisense"
"1","Hypertension",0.00991091340190709,9.61416958362887e-05,0.00109946585922177,1.6270390581405e-05,8.18823991320262e-05
"2","Diabetes",3.70806148531795e-06,3.50014250588467e-09,8.56411229934224e-08,2.33236474990573e-10,6.73338837559806e-09
"3","HF",5.24716904725994e-06,7.22944753003396e-07,1.40303605398012e-06,6.60204576535307e-09,2.91199831962996e-06
"4","MI",0.00750502774744321,1.59051691898605e-06,1.08634624823421e-07,4.55141748255281e-06,9.38523389967482e-06
"5","FALL",0.00222740033997414,0.000127794348308024,0.000234324361060128,0.00033322558690226,0.000635776932176145
