"","outcome","ADEPT","Oak","SDT","Stepcount","Verisense"
"1","Hypertension",2.9937091611594e-05,7.49018864120543e-05,0.00259617825803626,5.78465648742964e-06,3.41421580471391e-05
"2","Diabetes",7.8390258690359e-08,7.25365505348113e-08,6.11230965211376e-06,1.43377433077666e-09,2.50198564172747e-08
"3","HF",1.66419489822273e-05,4.27070667533014e-06,1.30926072926113e-05,2.02945619981059e-08,1.43618594954976e-05
"4","MI",0.000273279711362727,2.02265013637006e-06,2.58011671440262e-07,1.93799881571644e-06,4.97524857580717e-06
"5","FALL",0.0254907990533372,0.00561577885772159,0.00666825059781532,0.008098210842672,0.0160246655195539
