"","outcome","ADEPT","Oak","SDT","Stepcount","Verisense"
"1","Hypertension",0.0227064988638531,0.000373933824753659,0.00358980061149408,7.09112693892501e-05,0.00027275150410986
"2","Diabetes",2.37950089501049e-05,3.36888182009845e-08,5.40307952146318e-07,4.34014695680474e-09,4.79609279367237e-08
"3","HF",1.74252140640278e-05,3.53048426861461e-06,5.59191888893229e-06,4.92172584812918e-08,1.24224811573927e-05
"4","MI",0.0214585011678054,9.31419993766452e-06,6.02496853130373e-07,3.2822220859164e-05,4.55127586226999e-05
"5","FALL",0.00187841408582282,0.000118295810439602,0.000252749313913067,0.000214061709773983,0.000625072882355765
