"","outcome","ADEPT","Oak","SDT","Stepcount","Verisense"
"1","Hypertension",-2.27833713337371,-3.55782814126169,-2.91212403169617,-3.97320734596221,-3.63989286177815
"2","Diabetes",-4.22593555460253,-5.52109780615314,-5.01141661583668,-5.87067869360984,-5.45870892359019
"3","HF",-4.29556096419818,-4.63726571671452,-4.54125935705543,-5.45411530859981,-4.37003818513994
"4","MI",-2.29981856592975,-4.43251088337353,-4.99041507516307,-4.15294600285031,-4.07754992841794
"5","FALL",-3.10881167369248,-3.84963119106701,-3.65945794756075,-3.70181615131457,-3.42049498485982
