"","outcome","ADEPT","Oak","SDT","Stepcount","Verisense"
"1","Hypertension",0.00428854182511585,0.0267058545249565,0.524681886045457,0.000863590351636888,0.017474007035802
"2","Diabetes",7.87073948883594e-05,0.0001833349807583,0.0977730309987326,1.16604593170347e-05,0.00011720802846697
"3","Stroke",0.771390125839987,0.0650387758547412,0.794010203124942,0.0879111283011055,0.207986241620917
"4","HF",0.000157192442642493,0.000109857293356582,0.00979013337830841,9.75902251134066e-08,0.000305454791471115
"5","MI",0.107801708425253,0.0139026387514304,0.000764319294094157,0.00926420931800587,0.00979667052802261
"6","FALL",0.452114365341015,0.746362063059884,0.702020760992871,0.251216805314733,0.969800754167162
