"","outcome","ADEPT","Oak","SDT","Stepcount","Verisense"
"1","Hypertension",-3.90198006137422,-3.65385149591407,-2.65830525851084,-4.26844030510572,-3.89390278076235
"2","Diabetes",-4.90437199586446,-4.93517632344872,-4.11809442437814,-5.53387049448676,-5.16598927285376
"3","HF",-4.05199147285815,-4.29110356552303,-4.09948971421256,-5.31824272691501,-4.02628483379742
"4","MI",-3.25098940489625,-4.33627630082631,-4.75148442625308,-4.28164979931689,-4.16526136605245
"5","FALL",-2.32272494194731,-2.80871456580064,-2.68113156325437,-2.75635498937909,-2.44573184001636
