"","outcome","ADEPT","Oak","SDT","Stepcount","Verisense"
"1","Hypertension",2.99370916115946e-05,7.49018864120509e-05,0.00259617825803618,5.78465648742959e-06,3.41421580471416e-05
"2","Diabetes",7.83902586903597e-08,7.25365505348113e-08,6.11230965211419e-06,1.43377433077673e-09,2.50198564172734e-08
"3","HF",1.6641948982228e-05,4.27070667533027e-06,1.30926072926114e-05,2.02945619981068e-08,1.43618594954972e-05
"4","MI",0.000273279711362724,2.02265013636996e-06,2.58011671440252e-07,1.93799881571671e-06,4.975248575807e-06
"5","FALL",0.0254907990533372,0.00561577885772157,0.00666825059781524,0.00809821084267193,0.0160246655195538
